Unnamed: 0,Name,Age,Total_Marks,New_Marks
0,Ram,22,55.0,5.5
1,Shyam,21,78.0,7.8
2,Hari,20,65.0,6.5
3,Ramesh,23,90.0,9.0
4,Sita,20,78.0,7.8
5,Gita,21,55.0,5.5
6,Mohan,22,70.16666666666667,7.0166666666666675
